[
    {
        "commit": "af10b5693a9a8ddb2cd6a0340e216fed2145110e",
        "source": [
            {
                "element": "org.activiti.Execution.isEnded()",
                "file": "modules/activiti-engine/src/main/java/org/activiti/Execution.java",
                "local": "L[31,35], C[3,20]"
            }
        ],
        "target": [
            {
                "element": "org.activiti.ProcessInstance.isEnded()",
                "file": "modules/activiti-engine/src/main/java/org/activiti/ProcessInstance.java",
                "local": "L[36,37], C[3,20]"
            }
        ],
        "type": "PUSH_DOWN",
        "related": [
            {
                "Metric": "ADDED_METHOD",
                "Method": "org.activiti.ProcessInstance",
                "Local": "L[36,37], C[3,20]",
                "Detail": {
                    "method": "org.activiti.ProcessInstance.isEnded()",
                    "blockPos": null
                },
                "Code": "/** \n * indicates if the process instance is ended. \n */\nboolean isEnded();\n",
                "relationType": "MENTIONED_DECLARATION",
                "distance": 0,
                "file": "modules/activiti-engine/src/main/java/org/activiti/ProcessInstance.java"
            },
            {
                "Metric": "REMOVED_METHOD",
                "Method": "org.activiti.Execution",
                "Local": "L[31,35], C[3,20]",
                "Detail": {
                    "method": "org.activiti.Execution.isEnded()",
                    "blockPos": null
                },
                "Code": "/** \n * indicates if the process instance is ended.\n * @return\n */\nboolean isEnded();\n",
                "relationType": "MENTIONED_DECLARATION",
                "distance": 0,
                "file": "modules/activiti-engine/src/main/java/org/activiti/Execution.java"
            },
            {
                "Metric": "ADDED_METHOD_CALL",
                "Method": "org.activiti.test.bpmn.gateway.ParallelGatewayTest.testSplitMergeNoWaitstates()",
                "Local": "L[44,44], C[7,34]",
                "Detail": {
                    "previousVar": "org.activiti.test.bpmn.gateway.ParallelGatewayTest>>>deployer[25,64]"
                },
                "Code": "deployer.getProcessService()",
                "relationType": "VAR_RELATED",
                "distance": 5,
                "file": "modules/activiti-engine-test-api/src/test/java/org/activiti/test/bpmn/gateway/ParallelGatewayTest.java"
            },
            {
                "Metric": "ADDED_METHOD_CALL",
                "Method": "org.activiti.test.bpmn.gateway.ParallelGatewayTest.testUnstructuredConcurrencyTwoForks().assertTrue(UNKNOWN)",
                "Local": "L[53,53], C[16,40]",
                "Detail": null,
                "Code": "processInstance.isEnded()",
                "relationType": "CALL_TARGET",
                "distance": 1,
                "file": "modules/activiti-engine-test-api/src/test/java/org/activiti/test/bpmn/gateway/ParallelGatewayTest.java"
            },
            {
                "Metric": "ADDED_METHOD_CALL",
                "Method": "org.activiti.test.bpmn.gateway.ParallelGatewayTest.testSplitMergeNoWaitstates()",
                "Local": "L[45,45], C[5,41]",
                "Detail": null,
                "Code": "assertTrue(processInstance.isEnded())",
                "relationType": "CALL_TARGET",
                "distance": 1,
                "file": "modules/activiti-engine-test-api/src/test/java/org/activiti/test/bpmn/gateway/ParallelGatewayTest.java"
            },
            {
                "Metric": "ADDED_VARIABLE",
                "Method": "org.activiti.test.bpmn.gateway.ParallelGatewayTest.testSplitMergeNoWaitstates()",
                "Local": "L[43,44], C[5,85]",
                "Detail": {
                    "previousVar": "org.activiti.test.bpmn.gateway.ParallelGatewayTest.testSplitMergeNoWaitstates()>>>processInstance[43,46]"
                },
                "Code": "ProcessInstance processInstance=deployer.getProcessService().startProcessInstanceByKey(\"forkJoinNoWaitStates\");\n",
                "relationType": "VAR_RELATED",
                "distance": 2,
                "file": "modules/activiti-engine-test-api/src/test/java/org/activiti/test/bpmn/gateway/ParallelGatewayTest.java"
            },
            {
                "Metric": "ADDED_METHOD_CALL",
                "Method": "org.activiti.test.bpmn.gateway.ParallelGatewayTest.testUnstructuredConcurrencyTwoJoins()",
                "Local": "L[61,61], C[5,41]",
                "Detail": null,
                "Code": "assertTrue(processInstance.isEnded())",
                "relationType": "CALL_TARGET",
                "distance": 1,
                "file": "modules/activiti-engine-test-api/src/test/java/org/activiti/test/bpmn/gateway/ParallelGatewayTest.java"
            },
            {
                "Metric": "REMOVED_METHOD_CALL",
                "Method": "org.activiti.test.bpmn.gateway.ParallelGatewayTest.testSplitMergeNoWaitstates()",
                "Local": "L[45,45], C[5,41]",
                "Detail": null,
                "Code": "assertTrue(processInstance.isEnded())",
                "relationType": "CALL_TARGET",
                "distance": 1,
                "file": "modules/activiti-engine-test-api/src/test/java/org/activiti/test/bpmn/gateway/ParallelGatewayTest.java"
            },
            {
                "Metric": "ADDED_VARIABLE",
                "Method": "org.activiti.test.bpmn.gateway.ParallelGatewayTest.testUnstructuredConcurrencyTwoJoins()",
                "Local": "L[59,60], C[5,96]",
                "Detail": {
                    "previousVar": "org.activiti.test.bpmn.gateway.ParallelGatewayTest>>>deployer[25,64]"
                },
                "Code": "ProcessInstance processInstance=deployer.getProcessService().startProcessInstanceByKey(\"unstructuredConcurrencyTwoJoins\");\n",
                "relationType": "VAR_RELATED",
                "distance": 5,
                "file": "modules/activiti-engine-test-api/src/test/java/org/activiti/test/bpmn/gateway/ParallelGatewayTest.java"
            },
            {
                "Metric": "REMOVED_VARIABLE",
                "Method": "org.activiti.test.bpmn.gateway.ParallelGatewayTest.testSplitMergeNoWaitstates()",
                "Local": "L[43,44], C[5,87]",
                "Detail": {
                    "previousVar": "org.activiti.test.bpmn.gateway.ParallelGatewayTest.testSplitMergeNoWaitstates()>>>processInstance[43,46]"
                },
                "Code": "ProcessInstance processInstance=deployer.getProcessService().startProcessInstanceByKey(\"splitMergeNoWaitstates\");\n",
                "relationType": "VAR_RELATED",
                "distance": 2,
                "file": "modules/activiti-engine-test-api/src/test/java/org/activiti/test/bpmn/gateway/ParallelGatewayTest.java"
            },
            {
                "Metric": "ADDED_VARIABLE",
                "Method": "org.activiti.test.bpmn.gateway.ParallelGatewayTest.testUnstructuredConcurrencyTwoForks()",
                "Local": "L[51,52], C[5,96]",
                "Detail": {
                    "previousVar": "org.activiti.test.bpmn.gateway.ParallelGatewayTest.testUnstructuredConcurrencyTwoForks()>>>processInstance[51,54]"
                },
                "Code": "ProcessInstance processInstance=deployer.getProcessService().startProcessInstanceByKey(\"unstructuredConcurrencyTwoForks\");\n",
                "relationType": "VAR_RELATED",
                "distance": 5,
                "file": "modules/activiti-engine-test-api/src/test/java/org/activiti/test/bpmn/gateway/ParallelGatewayTest.java"
            },
            {
                "Metric": "ADDED_METHOD_CALL",
                "Method": "org.activiti.test.bpmn.gateway.ParallelGatewayTest.testUnstructuredConcurrencyTwoForks()",
                "Local": "L[53,53], C[5,41]",
                "Detail": null,
                "Code": "assertTrue(processInstance.isEnded())",
                "relationType": "CALL_TARGET",
                "distance": 1,
                "file": "modules/activiti-engine-test-api/src/test/java/org/activiti/test/bpmn/gateway/ParallelGatewayTest.java"
            },
            {
                "Metric": "ADDED_METHOD_CALL",
                "Method": "org.activiti.test.bpmn.gateway.ParallelGatewayTest.testSplitMergeNoWaitstates().assertTrue(UNKNOWN)",
                "Local": "L[45,45], C[16,40]",
                "Detail": null,
                "Code": "processInstance.isEnded()",
                "relationType": "CALL_TARGET",
                "distance": 1,
                "file": "modules/activiti-engine-test-api/src/test/java/org/activiti/test/bpmn/gateway/ParallelGatewayTest.java"
            },
            {
                "Metric": "ADDED_METHOD_CALL",
                "Method": "org.activiti.test.bpmn.gateway.ParallelGatewayTest.testUnstructuredConcurrencyTwoJoins()",
                "Local": "L[60,60], C[7,34]",
                "Detail": {
                    "previousVar": "org.activiti.test.bpmn.gateway.ParallelGatewayTest>>>deployer[25,64]"
                },
                "Code": "deployer.getProcessService()",
                "relationType": "VAR_RELATED",
                "distance": 5,
                "file": "modules/activiti-engine-test-api/src/test/java/org/activiti/test/bpmn/gateway/ParallelGatewayTest.java"
            },
            {
                "Metric": "REMOVED_METHOD_CALL",
                "Method": "org.activiti.test.bpmn.gateway.ParallelGatewayTest.testSplitMergeNoWaitstates()",
                "Local": "L[44,44], C[7,34]",
                "Detail": {
                    "previousVar": "org.activiti.test.bpmn.gateway.ParallelGatewayTest>>>deployer[25,48]"
                },
                "Code": "deployer.getProcessService()",
                "relationType": "VAR_RELATED",
                "distance": 3,
                "file": "modules/activiti-engine-test-api/src/test/java/org/activiti/test/bpmn/gateway/ParallelGatewayTest.java"
            },
            {
                "Metric": "ADDED_METHOD_CALL",
                "Method": "org.activiti.test.bpmn.gateway.ParallelGatewayTest.testUnstructuredConcurrencyTwoForks()",
                "Local": "L[52,52], C[7,34]",
                "Detail": {
                    "previousVar": "org.activiti.test.bpmn.gateway.ParallelGatewayTest>>>deployer[25,64]"
                },
                "Code": "deployer.getProcessService()",
                "relationType": "VAR_RELATED",
                "distance": 5,
                "file": "modules/activiti-engine-test-api/src/test/java/org/activiti/test/bpmn/gateway/ParallelGatewayTest.java"
            },
            {
                "Metric": "ADDED_METHOD_CALL",
                "Method": "org.activiti.test.bpmn.gateway.ParallelGatewayTest.testUnstructuredConcurrencyTwoJoins().assertTrue(UNKNOWN)",
                "Local": "L[61,61], C[16,40]",
                "Detail": null,
                "Code": "processInstance.isEnded()",
                "relationType": "CALL_TARGET",
                "distance": 1,
                "file": "modules/activiti-engine-test-api/src/test/java/org/activiti/test/bpmn/gateway/ParallelGatewayTest.java"
            },
            {
                "Metric": "REMOVED_METHOD_CALL",
                "Method": "org.activiti.test.bpmn.gateway.ParallelGatewayTest.testSplitMergeNoWaitstates().assertTrue(UNKNOWN)",
                "Local": "L[45,45], C[16,40]",
                "Detail": null,
                "Code": "processInstance.isEnded()",
                "relationType": "CALL_TARGET",
                "distance": 1,
                "file": "modules/activiti-engine-test-api/src/test/java/org/activiti/test/bpmn/gateway/ParallelGatewayTest.java"
            },
            {
                "Metric": "ADDED_METHOD",
                "Method": "org.activiti.test.bpmn.gateway.ParallelGatewayTest",
                "Local": "L[48,54], C[3,3]",
                "Detail": null,
                "Code": "@Test @ProcessDeclared public void testUnstructuredConcurrencyTwoForks(){\n  ProcessInstance processInstance=deployer.getProcessService().startProcessInstanceByKey(\"unstructuredConcurrencyTwoForks\");\n  assertTrue(processInstance.isEnded());\n}\n",
                "relationType": "CALL_TARGET",
                "distance": 4,
                "file": "modules/activiti-engine-test-api/src/test/java/org/activiti/test/bpmn/gateway/ParallelGatewayTest.java"
            },
            {
                "Metric": "ADDED_METHOD",
                "Method": "org.activiti.test.bpmn.gateway.ParallelGatewayTest",
                "Local": "L[56,62], C[3,3]",
                "Detail": null,
                "Code": "@Test @ProcessDeclared public void testUnstructuredConcurrencyTwoJoins(){\n  ProcessInstance processInstance=deployer.getProcessService().startProcessInstanceByKey(\"unstructuredConcurrencyTwoJoins\");\n  assertTrue(processInstance.isEnded());\n}\n",
                "relationType": "CALL_TARGET",
                "distance": 4,
                "file": "modules/activiti-engine-test-api/src/test/java/org/activiti/test/bpmn/gateway/ParallelGatewayTest.java"
            },
            {
                "Metric": "REMOVED_TextElement",
                "Method": "org.activiti.Execution.isEnded()",
                "Local": "L[32,32], C[6,48]",
                "Detail": null,
                "Code": "indicates if the process instance is ended.",
                "relationType": "MENTIONED",
                "distance": 0,
                "file": "modules/activiti-engine/src/main/java/org/activiti/Execution.java"
            },
            {
                "Metric": "REMOVED_TagElement",
                "Method": "org.activiti.Execution.isEnded()",
                "Local": "L[32,32], C[6,48]",
                "Detail": null,
                "Code": "\n * indicates if the process instance is ended.",
                "relationType": "MENTIONED",
                "distance": 0,
                "file": "modules/activiti-engine/src/main/java/org/activiti/Execution.java"
            },
            {
                "Metric": "REMOVED_TagElement",
                "Method": "org.activiti.Execution.isEnded()",
                "Local": "L[33,33], C[6,12]",
                "Detail": null,
                "Code": "\n * @return",
                "relationType": "MENTIONED",
                "distance": 0,
                "file": "modules/activiti-engine/src/main/java/org/activiti/Execution.java"
            },
            {
                "Metric": "REMOVED_Javadoc",
                "Method": "org.activiti.Execution.isEnded()",
                "Local": "L[31,34], C[3,5]",
                "Detail": null,
                "Code": "/** \n * indicates if the process instance is ended.\n * @return\n */\n",
                "relationType": "MENTIONED",
                "distance": 0,
                "file": "modules/activiti-engine/src/main/java/org/activiti/Execution.java"
            },
            {
                "Metric": "ADDED_Javadoc",
                "Method": "org.activiti.ProcessInstance.isEnded()",
                "Local": "L[36,36], C[3,52]",
                "Detail": null,
                "Code": "/** \n * indicates if the process instance is ended. \n */\n",
                "relationType": "MENTIONED",
                "distance": 0,
                "file": "modules/activiti-engine/src/main/java/org/activiti/ProcessInstance.java"
            },
            {
                "Metric": "ADDED_TextElement",
                "Method": "org.activiti.ProcessInstance.isEnded()",
                "Local": "L[36,36], C[7,50]",
                "Detail": null,
                "Code": "indicates if the process instance is ended. ",
                "relationType": "MENTIONED",
                "distance": 0,
                "file": "modules/activiti-engine/src/main/java/org/activiti/ProcessInstance.java"
            },
            {
                "Metric": "ADDED_TagElement",
                "Method": "org.activiti.ProcessInstance.isEnded()",
                "Local": "L[36,36], C[7,50]",
                "Detail": null,
                "Code": "\n * indicates if the process instance is ended. ",
                "relationType": "MENTIONED",
                "distance": 0,
                "file": "modules/activiti-engine/src/main/java/org/activiti/ProcessInstance.java"
            }
        ],
        "notRelated": [
            {
                "Metric": "ADDED_METHOD_CALL",
                "Method": "org.activiti.examples.bpmn.gateway.ParallelGatewayTest.testForkJoin()",
                "Local": "L[53,53], C[5,52]",
                "Detail": null,
                "Code": "assertEquals(\"Receive Payment\",task1.getName())",
                "relationType": "NOT_RELATED",
                "distance": 99,
                "file": "modules/activiti-engine-examples/src/test/java/org/activiti/examples/bpmn/gateway/ParallelGatewayTest.java"
            },
            {
                "Metric": "ADDED_METHOD_CALL",
                "Method": "org.activiti.examples.bpmn.gateway.ParallelGatewayTest.testForkJoin()",
                "Local": "L[44,44], C[23,47]",
                "Detail": null,
                "Code": "deployer.getTaskService()",
                "relationType": "NOT_RELATED",
                "distance": 99,
                "file": "modules/activiti-engine-examples/src/test/java/org/activiti/examples/bpmn/gateway/ParallelGatewayTest.java"
            },
            {
                "Metric": "ADDED_METHOD_CALL",
                "Method": "org.activiti.examples.bpmn.gateway.ParallelGatewayTest.testForkJoin()",
                "Local": "L[46,46], C[42,51]",
                "Detail": null,
                "Code": "pi.getId()",
                "relationType": "NOT_RELATED",
                "distance": 99,
                "file": "modules/activiti-engine-examples/src/test/java/org/activiti/examples/bpmn/gateway/ParallelGatewayTest.java"
            },
            {
                "Metric": "ADDED_METHOD_CALL",
                "Method": "org.activiti.examples.bpmn.gateway.ParallelGatewayTest.testForkJoin().assertEquals(UNKNOWN, UNKNOWN)",
                "Local": "L[62,62], C[21,32]",
                "Detail": null,
                "Code": "tasks.size()",
                "relationType": "NOT_RELATED",
                "distance": 99,
                "file": "modules/activiti-engine-examples/src/test/java/org/activiti/examples/bpmn/gateway/ParallelGatewayTest.java"
            },
            {
                "Metric": "ADDED_METHOD_CALL",
                "Method": "org.activiti.examples.bpmn.gateway.ParallelGatewayTest.testForkJoin().assertEquals(UNKNOWN, UNKNOWN)",
                "Local": "L[55,55], C[32,46]",
                "Detail": null,
                "Code": "task2.getName()",
                "relationType": "NOT_RELATED",
                "distance": 99,
                "file": "modules/activiti-engine-examples/src/test/java/org/activiti/examples/bpmn/gateway/ParallelGatewayTest.java"
            },
            {
                "Metric": "ADDED_METHOD_CALL",
                "Method": "org.activiti.examples.bpmn.gateway.ParallelGatewayTest.testForkJoin()",
                "Local": "L[63,63], C[5,57]",
                "Detail": null,
                "Code": "assertEquals(\"Archive Order\",tasks.get(0).getName())",
                "relationType": "NOT_RELATED",
                "distance": 99,
                "file": "modules/activiti-engine-examples/src/test/java/org/activiti/examples/bpmn/gateway/ParallelGatewayTest.java"
            },
            {
                "Metric": "ADDED_METHOD_CALL",
                "Method": "org.activiti.examples.bpmn.gateway.ParallelGatewayTest.testForkJoin()",
                "Local": "L[50,50], C[5,33]",
                "Detail": null,
                "Code": "assertEquals(2,tasks.size())",
                "relationType": "NOT_RELATED",
                "distance": 99,
                "file": "modules/activiti-engine-examples/src/test/java/org/activiti/examples/bpmn/gateway/ParallelGatewayTest.java"
            },
            {
                "Metric": "ADDED_METHOD_CALL",
                "Method": "org.activiti.examples.bpmn.gateway.ParallelGatewayTest.testForkJoin()",
                "Local": "L[54,54], C[18,29]",
                "Detail": null,
                "Code": "tasks.get(1)",
                "relationType": "NOT_RELATED",
                "distance": 99,
                "file": "modules/activiti-engine-examples/src/test/java/org/activiti/examples/bpmn/gateway/ParallelGatewayTest.java"
            },
            {
                "Metric": "ADDED_VARIABLE",
                "Method": "org.activiti.examples.bpmn.gateway.ParallelGatewayTest.testForkJoin()",
                "Local": "L[43,43], C[5,92]",
                "Detail": null,
                "Code": "ProcessInstance pi=deployer.getProcessService().startProcessInstanceByKey(\"forkJoin\");\n",
                "relationType": "NOT_RELATED",
                "distance": 99,
                "file": "modules/activiti-engine-examples/src/test/java/org/activiti/examples/bpmn/gateway/ParallelGatewayTest.java"
            },
            {
                "Metric": "ADDED_VARIABLE",
                "Method": "org.activiti.examples.bpmn.gateway.ParallelGatewayTest.testForkJoin()",
                "Local": "L[44,47], C[5,59]",
                "Detail": null,
                "Code": "TaskQuery query=deployer.getTaskService().createTaskQuery().processInstance(pi.getId()).orderAsc(TaskQuery.PROPERTY_NAME);\n",
                "relationType": "NOT_RELATED",
                "distance": 99,
                "file": "modules/activiti-engine-examples/src/test/java/org/activiti/examples/bpmn/gateway/ParallelGatewayTest.java"
            },
            {
                "Metric": "ADDED_VARIABLE",
                "Method": "org.activiti.examples.bpmn.gateway.ParallelGatewayTest.testForkJoin()",
                "Local": "L[49,49], C[5,36]",
                "Detail": null,
                "Code": "List<Task> tasks=query.list();\n",
                "relationType": "NOT_RELATED",
                "distance": 99,
                "file": "modules/activiti-engine-examples/src/test/java/org/activiti/examples/bpmn/gateway/ParallelGatewayTest.java"
            },
            {
                "Metric": "ADDED_VARIABLE",
                "Method": "org.activiti.examples.bpmn.gateway.ParallelGatewayTest.testForkJoin()",
                "Local": "L[52,52], C[5,30]",
                "Detail": null,
                "Code": "Task task1=tasks.get(0);\n",
                "relationType": "NOT_RELATED",
                "distance": 99,
                "file": "modules/activiti-engine-examples/src/test/java/org/activiti/examples/bpmn/gateway/ParallelGatewayTest.java"
            },
            {
                "Metric": "ADDED_VARIABLE",
                "Method": "org.activiti.examples.bpmn.gateway.ParallelGatewayTest.testForkJoin()",
                "Local": "L[54,54], C[5,30]",
                "Detail": null,
                "Code": "Task task2=tasks.get(1);\n",
                "relationType": "NOT_RELATED",
                "distance": 99,
                "file": "modules/activiti-engine-examples/src/test/java/org/activiti/examples/bpmn/gateway/ParallelGatewayTest.java"
            },
            {
                "Metric": "ADDED_EXPRESSIONSTATEMENT",
                "Method": "org.activiti.examples.bpmn.gateway.ParallelGatewayTest.testForkJoin()",
                "Local": "L[61,61], C[5,25]",
                "Detail": null,
                "Code": "tasks=query.list();\n",
                "relationType": "NOT_RELATED",
                "distance": 99,
                "file": "modules/activiti-engine-examples/src/test/java/org/activiti/examples/bpmn/gateway/ParallelGatewayTest.java"
            },
            {
                "Metric": "ADDED_METHOD_CALL",
                "Method": "org.activiti.examples.bpmn.gateway.ParallelGatewayTest.testForkJoin()",
                "Local": "L[43,43], C[26,53]",
                "Detail": null,
                "Code": "deployer.getProcessService()",
                "relationType": "NOT_RELATED",
                "distance": 99,
                "file": "modules/activiti-engine-examples/src/test/java/org/activiti/examples/bpmn/gateway/ParallelGatewayTest.java"
            },
            {
                "Metric": "ADDED_METHOD_CALL",
                "Method": "org.activiti.examples.bpmn.gateway.ParallelGatewayTest.testForkJoin().assertEquals(UNKNOWN, UNKNOWN)",
                "Local": "L[50,50], C[21,32]",
                "Detail": null,
                "Code": "tasks.size()",
                "relationType": "NOT_RELATED",
                "distance": 99,
                "file": "modules/activiti-engine-examples/src/test/java/org/activiti/examples/bpmn/gateway/ParallelGatewayTest.java"
            },
            {
                "Metric": "ADDED_METHOD_CALL",
                "Method": "org.activiti.examples.bpmn.gateway.ParallelGatewayTest.testForkJoin().assertEquals(UNKNOWN, UNKNOWN)",
                "Local": "L[53,53], C[37,51]",
                "Detail": null,
                "Code": "task1.getName()",
                "relationType": "NOT_RELATED",
                "distance": 99,
                "file": "modules/activiti-engine-examples/src/test/java/org/activiti/examples/bpmn/gateway/ParallelGatewayTest.java"
            },
            {
                "Metric": "ADDED_METHOD_CALL",
                "Method": "org.activiti.examples.bpmn.gateway.ParallelGatewayTest.testForkJoin().assertEquals(UNKNOWN, UNKNOWN)",
                "Local": "L[63,63], C[35,46]",
                "Detail": null,
                "Code": "tasks.get(0)",
                "relationType": "NOT_RELATED",
                "distance": 99,
                "file": "modules/activiti-engine-examples/src/test/java/org/activiti/examples/bpmn/gateway/ParallelGatewayTest.java"
            },
            {
                "Metric": "ADDED_METHOD_CALL",
                "Method": "org.activiti.examples.bpmn.gateway.ParallelGatewayTest.testForkJoin()",
                "Local": "L[58,58], C[5,29]",
                "Detail": null,
                "Code": "deployer.getTaskService()",
                "relationType": "NOT_RELATED",
                "distance": 99,
                "file": "modules/activiti-engine-examples/src/test/java/org/activiti/examples/bpmn/gateway/ParallelGatewayTest.java"
            },
            {
                "Metric": "ADDED_METHOD_CALL",
                "Method": "org.activiti.examples.bpmn.gateway.ParallelGatewayTest.testForkJoin()",
                "Local": "L[58,58], C[40,51]",
                "Detail": null,
                "Code": "tasks.get(0)",
                "relationType": "NOT_RELATED",
                "distance": 99,
                "file": "modules/activiti-engine-examples/src/test/java/org/activiti/examples/bpmn/gateway/ParallelGatewayTest.java"
            },
            {
                "Metric": "ADDED_ParameterizedType",
                "Method": "org.activiti.examples.bpmn.gateway.ParallelGatewayTest.testForkJoin()",
                "Local": "L[49,49], C[5,14]",
                "Detail": null,
                "Code": "List<Task>",
                "relationType": "NOT_RELATED",
                "distance": 99,
                "file": "modules/activiti-engine-examples/src/test/java/org/activiti/examples/bpmn/gateway/ParallelGatewayTest.java"
            },
            {
                "Metric": "ADDED_METHOD_CALL",
                "Method": "org.activiti.examples.bpmn.gateway.ParallelGatewayTest.testForkJoin()",
                "Local": "L[52,52], C[18,29]",
                "Detail": null,
                "Code": "tasks.get(0)",
                "relationType": "NOT_RELATED",
                "distance": 99,
                "file": "modules/activiti-engine-examples/src/test/java/org/activiti/examples/bpmn/gateway/ParallelGatewayTest.java"
            },
            {
                "Metric": "ADDED_METHOD_CALL",
                "Method": "org.activiti.examples.bpmn.gateway.ParallelGatewayTest.testForkJoin()",
                "Local": "L[59,59], C[5,29]",
                "Detail": null,
                "Code": "deployer.getTaskService()",
                "relationType": "NOT_RELATED",
                "distance": 99,
                "file": "modules/activiti-engine-examples/src/test/java/org/activiti/examples/bpmn/gateway/ParallelGatewayTest.java"
            },
            {
                "Metric": "ADDED_METHOD_CALL",
                "Method": "org.activiti.examples.bpmn.gateway.ParallelGatewayTest.testForkJoin()",
                "Local": "L[59,59], C[40,51]",
                "Detail": null,
                "Code": "tasks.get(1)",
                "relationType": "NOT_RELATED",
                "distance": 99,
                "file": "modules/activiti-engine-examples/src/test/java/org/activiti/examples/bpmn/gateway/ParallelGatewayTest.java"
            },
            {
                "Metric": "ADDED_METHOD_CALL",
                "Method": "org.activiti.examples.bpmn.gateway.ParallelGatewayTest.testForkJoin()",
                "Local": "L[55,55], C[5,47]",
                "Detail": null,
                "Code": "assertEquals(\"Ship Order\",task2.getName())",
                "relationType": "NOT_RELATED",
                "distance": 99,
                "file": "modules/activiti-engine-examples/src/test/java/org/activiti/examples/bpmn/gateway/ParallelGatewayTest.java"
            },
            {
                "Metric": "ADDED_METHOD_CALL",
                "Method": "org.activiti.examples.bpmn.gateway.ParallelGatewayTest.testForkJoin()",
                "Local": "L[62,62], C[5,33]",
                "Detail": null,
                "Code": "assertEquals(1,tasks.size())",
                "relationType": "NOT_RELATED",
                "distance": 99,
                "file": "modules/activiti-engine-examples/src/test/java/org/activiti/examples/bpmn/gateway/ParallelGatewayTest.java"
            },
            {
                "Metric": "ADDED_MarkerAnnotation",
                "Method": "org.activiti.examples.bpmn.gateway.ParallelGatewayTest.testForkJoin()",
                "Local": "L[39,39], C[3,7]",
                "Detail": null,
                "Code": "@Test",
                "relationType": "NOT_RELATED",
                "distance": 99,
                "file": "modules/activiti-engine-examples/src/test/java/org/activiti/examples/bpmn/gateway/ParallelGatewayTest.java"
            },
            {
                "Metric": "ADDED_MarkerAnnotation",
                "Method": "org.activiti.examples.bpmn.gateway.ParallelGatewayTest.testForkJoin()",
                "Local": "L[40,40], C[3,18]",
                "Detail": null,
                "Code": "@ProcessDeclared",
                "relationType": "NOT_RELATED",
                "distance": 99,
                "file": "modules/activiti-engine-examples/src/test/java/org/activiti/examples/bpmn/gateway/ParallelGatewayTest.java"
            },
            {
                "Metric": "ADDED_Modifier",
                "Method": "org.activiti.examples.bpmn.gateway.ParallelGatewayTest.testForkJoin()",
                "Local": "L[41,41], C[3,8]",
                "Detail": null,
                "Code": "public",
                "relationType": "NOT_RELATED",
                "distance": 99,
                "file": "modules/activiti-engine-examples/src/test/java/org/activiti/examples/bpmn/gateway/ParallelGatewayTest.java"
            },
            {
                "Metric": "ADDED_METHOD",
                "Method": "org.activiti.examples.bpmn.gateway.ParallelGatewayTest",
                "Local": "L[39,64], C[3,3]",
                "Detail": null,
                "Code": "@Test @ProcessDeclared public void testForkJoin(){\n  ProcessInstance pi=deployer.getProcessService().startProcessInstanceByKey(\"forkJoin\");\n  TaskQuery query=deployer.getTaskService().createTaskQuery().processInstance(pi.getId()).orderAsc(TaskQuery.PROPERTY_NAME);\n  List<Task> tasks=query.list();\n  assertEquals(2,tasks.size());\n  Task task1=tasks.get(0);\n  assertEquals(\"Receive Payment\",task1.getName());\n  Task task2=tasks.get(1);\n  assertEquals(\"Ship Order\",task2.getName());\n  deployer.getTaskService().complete(tasks.get(0).getId());\n  deployer.getTaskService().complete(tasks.get(1).getId());\n  tasks=query.list();\n  assertEquals(1,tasks.size());\n  assertEquals(\"Archive Order\",tasks.get(0).getName());\n}\n",
                "relationType": "NOT_RELATED",
                "distance": 99,
                "file": "modules/activiti-engine-examples/src/test/java/org/activiti/examples/bpmn/gateway/ParallelGatewayTest.java"
            },
            {
                "Metric": "ADDED_METHOD_CALL",
                "Method": "org.activiti.examples.bpmn.gateway.ParallelGatewayTest.testForkJoin()",
                "Local": "L[61,61], C[13,24]",
                "Detail": null,
                "Code": "query.list()",
                "relationType": "NOT_RELATED",
                "distance": 99,
                "file": "modules/activiti-engine-examples/src/test/java/org/activiti/examples/bpmn/gateway/ParallelGatewayTest.java"
            },
            {
                "Metric": "ADDED_METHOD_CALL",
                "Method": "org.activiti.examples.bpmn.gateway.ParallelGatewayTest.testForkJoin()",
                "Local": "L[49,49], C[24,35]",
                "Detail": null,
                "Code": "query.list()",
                "relationType": "NOT_RELATED",
                "distance": 99,
                "file": "modules/activiti-engine-examples/src/test/java/org/activiti/examples/bpmn/gateway/ParallelGatewayTest.java"
            },
            {
                "Metric": "ADDED_MarkerAnnotation",
                "Method": "org.activiti.test.bpmn.gateway.ParallelGatewayTest.testUnstructuredConcurrencyTwoForks()",
                "Local": "L[48,48], C[3,7]",
                "Detail": null,
                "Code": "@Test",
                "relationType": "NOT_RELATED",
                "distance": 99,
                "file": "modules/activiti-engine-test-api/src/test/java/org/activiti/test/bpmn/gateway/ParallelGatewayTest.java"
            },
            {
                "Metric": "ADDED_MarkerAnnotation",
                "Method": "org.activiti.test.bpmn.gateway.ParallelGatewayTest.testUnstructuredConcurrencyTwoForks()",
                "Local": "L[49,49], C[3,18]",
                "Detail": null,
                "Code": "@ProcessDeclared",
                "relationType": "NOT_RELATED",
                "distance": 99,
                "file": "modules/activiti-engine-test-api/src/test/java/org/activiti/test/bpmn/gateway/ParallelGatewayTest.java"
            },
            {
                "Metric": "ADDED_Modifier",
                "Method": "org.activiti.test.bpmn.gateway.ParallelGatewayTest.testUnstructuredConcurrencyTwoForks()",
                "Local": "L[50,50], C[3,8]",
                "Detail": null,
                "Code": "public",
                "relationType": "NOT_RELATED",
                "distance": 99,
                "file": "modules/activiti-engine-test-api/src/test/java/org/activiti/test/bpmn/gateway/ParallelGatewayTest.java"
            },
            {
                "Metric": "ADDED_MarkerAnnotation",
                "Method": "org.activiti.test.bpmn.gateway.ParallelGatewayTest.testUnstructuredConcurrencyTwoJoins()",
                "Local": "L[56,56], C[3,7]",
                "Detail": null,
                "Code": "@Test",
                "relationType": "NOT_RELATED",
                "distance": 99,
                "file": "modules/activiti-engine-test-api/src/test/java/org/activiti/test/bpmn/gateway/ParallelGatewayTest.java"
            },
            {
                "Metric": "ADDED_MarkerAnnotation",
                "Method": "org.activiti.test.bpmn.gateway.ParallelGatewayTest.testUnstructuredConcurrencyTwoJoins()",
                "Local": "L[57,57], C[3,18]",
                "Detail": null,
                "Code": "@ProcessDeclared",
                "relationType": "NOT_RELATED",
                "distance": 99,
                "file": "modules/activiti-engine-test-api/src/test/java/org/activiti/test/bpmn/gateway/ParallelGatewayTest.java"
            },
            {
                "Metric": "ADDED_Modifier",
                "Method": "org.activiti.test.bpmn.gateway.ParallelGatewayTest.testUnstructuredConcurrencyTwoJoins()",
                "Local": "L[58,58], C[3,8]",
                "Detail": null,
                "Code": "public",
                "relationType": "NOT_RELATED",
                "distance": 99,
                "file": "modules/activiti-engine-test-api/src/test/java/org/activiti/test/bpmn/gateway/ParallelGatewayTest.java"
            },
            {
                "Metric": "ADDED_Javadoc",
                "Method": "org.activiti.impl.bpmn.ManualTaskActivity",
                "Local": "L[16,24], C[1,3]",
                "Detail": null,
                "Code": "/** \n * Implementation of the BPMN 2.0 'manual task': a task that is external to the BPMS and to which there is no reference to IT systems whatsoever. Given this definition, this activity will behave simply as a pass-though step in the process.\n * @author Joram Barrez\n */\n",
                "relationType": "NOT_RELATED",
                "distance": 99,
                "file": "modules/activiti-engine/src/main/java/org/activiti/impl/bpmn/ManualTaskActivity.java"
            },
            {
                "Metric": "ADDED_Modifier",
                "Method": "org.activiti.impl.bpmn.ManualTaskActivity",
                "Local": "L[25,25], C[1,6]",
                "Detail": null,
                "Code": "public",
                "relationType": "NOT_RELATED",
                "distance": 99,
                "file": "modules/activiti-engine/src/main/java/org/activiti/impl/bpmn/ManualTaskActivity.java"
            },
            {
                "Metric": "ADDED_TextElement",
                "Method": "org.activiti.impl.bpmn.ManualTaskActivity",
                "Local": "L[17,17], C[4,79]",
                "Detail": null,
                "Code": "Implementation of the BPMN 2.0 'manual task': a task that is external to the",
                "relationType": "NOT_RELATED",
                "distance": 99,
                "file": "modules/activiti-engine/src/main/java/org/activiti/impl/bpmn/ManualTaskActivity.java"
            },
            {
                "Metric": "ADDED_TextElement",
                "Method": "org.activiti.impl.bpmn.ManualTaskActivity",
                "Local": "L[18,18], C[4,68]",
                "Detail": null,
                "Code": "BPMS and to which there is no reference to IT systems whatsoever.",
                "relationType": "NOT_RELATED",
                "distance": 99,
                "file": "modules/activiti-engine/src/main/java/org/activiti/impl/bpmn/ManualTaskActivity.java"
            },
            {
                "Metric": "ADDED_TextElement",
                "Method": "org.activiti.impl.bpmn.ManualTaskActivity",
                "Local": "L[20,20], C[4,80]",
                "Detail": null,
                "Code": "Given this definition, this activity will behave simply as a pass-though step",
                "relationType": "NOT_RELATED",
                "distance": 99,
                "file": "modules/activiti-engine/src/main/java/org/activiti/impl/bpmn/ManualTaskActivity.java"
            },
            {
                "Metric": "ADDED_TextElement",
                "Method": "org.activiti.impl.bpmn.ManualTaskActivity",
                "Local": "L[21,21], C[4,18]",
                "Detail": null,
                "Code": "in the process.",
                "relationType": "NOT_RELATED",
                "distance": 99,
                "file": "modules/activiti-engine/src/main/java/org/activiti/impl/bpmn/ManualTaskActivity.java"
            },
            {
                "Metric": "ADDED_TextElement",
                "Method": "org.activiti.impl.bpmn.ManualTaskActivity",
                "Local": "L[23,23], C[11,23]",
                "Detail": null,
                "Code": " Joram Barrez",
                "relationType": "NOT_RELATED",
                "distance": 99,
                "file": "modules/activiti-engine/src/main/java/org/activiti/impl/bpmn/ManualTaskActivity.java"
            },
            {
                "Metric": "ADDED_PackageDeclaration",
                "Method": "org.activiti.impl.bpmn.CompilationUnit",
                "Local": "L[14,14], C[1,31]",
                "Detail": null,
                "Code": "package org.activiti.impl.bpmn;\n",
                "relationType": "NOT_RELATED",
                "distance": 99,
                "file": "modules/activiti-engine/src/main/java/org/activiti/impl/bpmn/ManualTaskActivity.java"
            },
            {
                "Metric": "ADDED_CLASS",
                "Method": "org.activiti.impl.bpmn.CompilationUnit",
                "Local": "L[16,27], C[1,1]",
                "Detail": null,
                "Code": "/** \n * Implementation of the BPMN 2.0 'manual task': a task that is external to the BPMS and to which there is no reference to IT systems whatsoever. Given this definition, this activity will behave simply as a pass-though step in the process.\n * @author Joram Barrez\n */\npublic class ManualTaskActivity extends TaskActivity {\n}\n",
                "relationType": "NOT_RELATED",
                "distance": 99,
                "file": "modules/activiti-engine/src/main/java/org/activiti/impl/bpmn/ManualTaskActivity.java"
            },
            {
                "Metric": "ADDED_TagElement",
                "Method": "org.activiti.impl.bpmn.ManualTaskActivity",
                "Local": "L[17,21], C[4,18]",
                "Detail": null,
                "Code": "\n * Implementation of the BPMN 2.0 'manual task': a task that is external to the BPMS and to which there is no reference to IT systems whatsoever. Given this definition, this activity will behave simply as a pass-though step in the process.",
                "relationType": "NOT_RELATED",
                "distance": 99,
                "file": "modules/activiti-engine/src/main/java/org/activiti/impl/bpmn/ManualTaskActivity.java"
            },
            {
                "Metric": "ADDED_TagElement",
                "Method": "org.activiti.impl.bpmn.ManualTaskActivity",
                "Local": "L[23,23], C[4,23]",
                "Detail": null,
                "Code": "\n * @author Joram Barrez",
                "relationType": "NOT_RELATED",
                "distance": 99,
                "file": "modules/activiti-engine/src/main/java/org/activiti/impl/bpmn/ManualTaskActivity.java"
            },
            {
                "Metric": "ADDED_METHOD_CALL",
                "Method": "org.activiti.impl.bpmn.ParallelGatewayActivity.execute(ActivityExecution).takeAll(UNKNOWN, UNKNOWN)",
                "Local": "L[63,63], C[37,70]",
                "Detail": null,
                "Code": "execution.getOutgoingTransitions()",
                "relationType": "NOT_RELATED",
                "distance": 99,
                "file": "modules/activiti-engine/src/main/java/org/activiti/impl/bpmn/ParallelGatewayActivity.java"
            },
            {
                "Metric": "REMOVED_METHOD_CALL",
                "Method": "org.activiti.impl.bpmn.ParallelGatewayActivity.execute(ActivityExecution).getOutgoingTransitions()",
                "Local": "L[54,54], C[44,77]",
                "Detail": null,
                "Code": "execution.getOutgoingTransitions()",
                "relationType": "NOT_RELATED",
                "distance": 99,
                "file": "modules/activiti-engine/src/main/java/org/activiti/impl/bpmn/ParallelGatewayActivity.java"
            },
            {
                "Metric": "ADDED_TextElement",
                "Method": "org.activiti.impl.bpmn.ParallelGatewayActivity",
                "Local": "L[44,44], C[11,22]",
                "Detail": null,
                "Code": " Tom Baeyens",
                "relationType": "NOT_RELATED",
                "distance": 99,
                "file": "modules/activiti-engine/src/main/java/org/activiti/impl/bpmn/ParallelGatewayActivity.java"
            },
            {
                "Metric": "ADDED_METHOD_CALL",
                "Method": "org.activiti.impl.bpmn.ParallelGatewayActivity.execute(ActivityExecution)",
                "Local": "L[63,63], C[7,89]",
                "Detail": null,
                "Code": "concurrencyController.takeAll(execution.getOutgoingTransitions(),joinedExecutions)",
                "relationType": "NOT_RELATED",
                "distance": 99,
                "file": "modules/activiti-engine/src/main/java/org/activiti/impl/bpmn/ParallelGatewayActivity.java"
            },
            {
                "Metric": "REMOVED_METHOD_CALL",
                "Method": "org.activiti.impl.bpmn.ParallelGatewayActivity.execute(ActivityExecution)",
                "Local": "L[66,66], C[7,74]",
                "Detail": null,
                "Code": "concurrencyController.takeAll(outgoingTransitions,joinedExecutions)",
                "relationType": "NOT_RELATED",
                "distance": 99,
                "file": "modules/activiti-engine/src/main/java/org/activiti/impl/bpmn/ParallelGatewayActivity.java"
            },
            {
                "Metric": "REMOVED_ParameterizedType",
                "Method": "org.activiti.impl.bpmn.ParallelGatewayActivity.execute(ActivityExecution)",
                "Local": "L[54,54], C[5,20]",
                "Detail": null,
                "Code": "List<Transition>",
                "relationType": "NOT_RELATED",
                "distance": 99,
                "file": "modules/activiti-engine/src/main/java/org/activiti/impl/bpmn/ParallelGatewayActivity.java"
            },
            {
                "Metric": "REMOVED_VARIABLE",
                "Method": "org.activiti.impl.bpmn.ParallelGatewayActivity.execute(ActivityExecution)",
                "Local": "L[54,54], C[5,78]",
                "Detail": null,
                "Code": "List<Transition> outgoingTransitions=execution.getOutgoingTransitions();\n",
                "relationType": "NOT_RELATED",
                "distance": 99,
                "file": "modules/activiti-engine/src/main/java/org/activiti/impl/bpmn/ParallelGatewayActivity.java"
            },
            {
                "Metric": "CHANGED_Javadoc",
                "Method": "org.activiti.impl.bpmn.ParallelGatewayActivity",
                "Local": "L[24,45], C[1,3]",
                "Detail": null,
                "Code": "/** \n * Implementation of the Parallel Gateway/AND gateway as definined in the BPMN 2.0 specification. The Parallel Gateway can be used for splitting a path of execution into multiple paths of executions (AND-split/fork behavior), one for every outgoing sequence flow. The Parallel Gateway can also be used for merging or joining paths of execution (AND-join). In this case, on every incoming sequence flow an execution needs to arrive, before leaving the Parallel Gateway (and potentially then doing the fork behavior in case of multiple outgoing sequence flow). Note that a Parallel Gateway having one incoming and multiple ougoing sequence flow, is the same as having multiple outgoing sequence flow on a given activity. However, a parallel gateway does NOT check conditions on the outgoing sequence flow.\n * @author Joram Barrez\n * @author Tom Baeyens\n */\n",
                "relationType": "NOT_RELATED",
                "distance": 99,
                "file": "modules/activiti-engine/src/main/java/org/activiti/impl/bpmn/ParallelGatewayActivity.java"
            },
            {
                "Metric": "CHANGED_EXISTING_IF_BLOCK",
                "Method": "org.activiti.impl.bpmn.ParallelGatewayActivity.execute(ActivityExecution)",
                "Local": "L[61,65], C[55,5]",
                "Detail": null,
                "Code": "{\n  log.fine(\"parallel gateway '\" + activity.getId() + \"' activates: \"+ nbrOfExecutionsJoined+ \" of \"+ nbrOfExecutionsToJoin+ \" joined\");\n  concurrencyController.takeAll(execution.getOutgoingTransitions(),joinedExecutions);\n}\n",
                "relationType": "NOT_RELATED",
                "distance": 99,
                "file": "modules/activiti-engine/src/main/java/org/activiti/impl/bpmn/ParallelGatewayActivity.java"
            },
            {
                "Metric": "REMOVED_IMPORT",
                "Method": "org.activiti.impl.bpmn.CompilationUnit",
                "Local": "L[16,16], C[1,27]",
                "Detail": null,
                "Code": "import java.util.ArrayList;\n",
                "relationType": "NOT_RELATED",
                "distance": 99,
                "file": "modules/activiti-engine/src/main/java/org/activiti/impl/bpmn/ParallelGatewayActivity.java"
            },
            {
                "Metric": "REMOVED_ImportDeclaration",
                "Method": "org.activiti.impl.bpmn.CompilationUnit",
                "Local": "L[16,16], C[1,27]",
                "Detail": null,
                "Code": "import java.util.ArrayList;\n",
                "relationType": "NOT_RELATED",
                "distance": 99,
                "file": "modules/activiti-engine/src/main/java/org/activiti/impl/bpmn/ParallelGatewayActivity.java"
            },
            {
                "Metric": "REMOVED_IMPORT",
                "Method": "org.activiti.impl.bpmn.CompilationUnit",
                "Local": "L[24,24], C[1,35]",
                "Detail": null,
                "Code": "import org.activiti.pvm.Transition;\n",
                "relationType": "NOT_RELATED",
                "distance": 99,
                "file": "modules/activiti-engine/src/main/java/org/activiti/impl/bpmn/ParallelGatewayActivity.java"
            },
            {
                "Metric": "REMOVED_ImportDeclaration",
                "Method": "org.activiti.impl.bpmn.CompilationUnit",
                "Local": "L[24,24], C[1,35]",
                "Detail": null,
                "Code": "import org.activiti.pvm.Transition;\n",
                "relationType": "NOT_RELATED",
                "distance": 99,
                "file": "modules/activiti-engine/src/main/java/org/activiti/impl/bpmn/ParallelGatewayActivity.java"
            },
            {
                "Metric": "CHANGED_TagElement",
                "Method": "org.activiti.impl.bpmn.ParallelGatewayActivity",
                "Local": "L[25,41], C[4,26]",
                "Detail": null,
                "Code": "\n * Implementation of the Parallel Gateway/AND gateway as definined in the BPMN 2.0 specification. The Parallel Gateway can be used for splitting a path of execution into multiple paths of executions (AND-split/fork behavior), one for every outgoing sequence flow. The Parallel Gateway can also be used for merging or joining paths of execution (AND-join). In this case, on every incoming sequence flow an execution needs to arrive, before leaving the Parallel Gateway (and potentially then doing the fork behavior in case of multiple outgoing sequence flow). Note that a Parallel Gateway having one incoming and multiple ougoing sequence flow, is the same as having multiple outgoing sequence flow on a given activity. However, a parallel gateway does NOT check conditions on the outgoing sequence flow.",
                "relationType": "NOT_RELATED",
                "distance": 99,
                "file": "modules/activiti-engine/src/main/java/org/activiti/impl/bpmn/ParallelGatewayActivity.java"
            },
            {
                "Metric": "ADDED_TagElement",
                "Method": "org.activiti.impl.bpmn.ParallelGatewayActivity",
                "Local": "L[44,44], C[4,22]",
                "Detail": null,
                "Code": "\n * @author Tom Baeyens",
                "relationType": "NOT_RELATED",
                "distance": 99,
                "file": "modules/activiti-engine/src/main/java/org/activiti/impl/bpmn/ParallelGatewayActivity.java"
            },
            {
                "Metric": "CHANGED_TextElement",
                "Method": "org.activiti.impl.bpmn.ParallelGatewayActivity",
                "Local": "L[32,32], C[4,72]",
                "Detail": null,
                "Code": "The Parallel Gateway can also be used for merging or joining paths of",
                "relationType": "NOT_RELATED",
                "distance": 99,
                "file": "modules/activiti-engine/src/main/java/org/activiti/impl/bpmn/ParallelGatewayActivity.java"
            },
            {
                "Metric": "ADDED_TextElement",
                "Method": "org.activiti.impl.bpmn.ParallelGatewayActivity",
                "Local": "L[32,32], C[4,72]",
                "Detail": null,
                "Code": "The Parallel Gateway can also be used for merging or joining paths of",
                "relationType": "NOT_RELATED",
                "distance": 99,
                "file": "modules/activiti-engine/src/main/java/org/activiti/impl/bpmn/ParallelGatewayActivity.java"
            },
            {
                "Metric": "REMOVED_TextElement",
                "Method": "org.activiti.impl.bpmn.ParallelGatewayActivity",
                "Local": "L[34,34], C[4,73]",
                "Detail": null,
                "Code": "The Parallel Gateway can also be used for merging or joinging paths of",
                "relationType": "NOT_RELATED",
                "distance": 99,
                "file": "modules/activiti-engine/src/main/java/org/activiti/impl/bpmn/ParallelGatewayActivity.java"
            },
            {
                "Metric": "ADDED_CLASS_INSTANCE",
                "Method": "org.activiti.impl.bpmn.parser.BpmnParse.parseManualTask(Element, ScopeElementImpl).setActivityBehavior(UNKNOWN)",
                "Local": "L[442,442], C[34,57]",
                "Detail": null,
                "Code": "new ManualTaskActivity()",
                "relationType": "NOT_RELATED",
                "distance": 99,
                "file": "modules/activiti-engine/src/main/java/org/activiti/impl/bpmn/parser/BpmnParse.java"
            },
            {
                "Metric": "ADDED_ClassInstanceCreation",
                "Method": "org.activiti.impl.bpmn.parser.BpmnParse.parseManualTask(Element, ScopeElementImpl).setActivityBehavior(UNKNOWN)",
                "Local": "L[442,442], C[34,57]",
                "Detail": null,
                "Code": "new ManualTaskActivity()",
                "relationType": "NOT_RELATED",
                "distance": 99,
                "file": "modules/activiti-engine/src/main/java/org/activiti/impl/bpmn/parser/BpmnParse.java"
            },
            {
                "Metric": "ADDED_Javadoc",
                "Method": "org.activiti.impl.bpmn.parser.BpmnParse.parseManualTask(Element, ScopeElementImpl)",
                "Local": "L[437,439], C[3,5]",
                "Detail": null,
                "Code": "/** \n * Parses a manual task.\n */\n",
                "relationType": "NOT_RELATED",
                "distance": 99,
                "file": "modules/activiti-engine/src/main/java/org/activiti/impl/bpmn/parser/BpmnParse.java"
            },
            {
                "Metric": "ADDED_Modifier",
                "Method": "org.activiti.impl.bpmn.parser.BpmnParse.parseManualTask(Element, ScopeElementImpl)",
                "Local": "L[440,440], C[3,8]",
                "Detail": null,
                "Code": "public",
                "relationType": "NOT_RELATED",
                "distance": 99,
                "file": "modules/activiti-engine/src/main/java/org/activiti/impl/bpmn/parser/BpmnParse.java"
            },
            {
                "Metric": "ADDED_METHOD_CALL",
                "Method": "org.activiti.impl.bpmn.parser.BpmnParse.parseManualTask(Element, ScopeElementImpl)",
                "Local": "L[442,442], C[5,58]",
                "Detail": null,
                "Code": "activity.setActivityBehavior(new ManualTaskActivity())",
                "relationType": "NOT_RELATED",
                "distance": 99,
                "file": "modules/activiti-engine/src/main/java/org/activiti/impl/bpmn/parser/BpmnParse.java"
            },
            {
                "Metric": "CHANGED_ENHANCEDFORSTATEMENT",
                "Method": "org.activiti.impl.bpmn.parser.BpmnParse.parseActivities(Element, ScopeElementImpl)",
                "Local": "L[304,322], C[5,5]",
                "Detail": null,
                "Code": "for (Element activityElement : parentElement.elements()) {\n  if (activityElement.getTagName().equals(\"exclusiveGateway\")) {\n    parseExclusiveGateway(activityElement,scopeElement);\n  }\n else   if (activityElement.getTagName().equals(\"parallelGateway\")) {\n    parseParallelGateway(activityElement,scopeElement);\n  }\n else   if (activityElement.getTagName().equals(\"scriptTask\")) {\n    parseScriptTask(activityElement,scopeElement);\n  }\n else   if (activityElement.getTagName().equals(\"serviceTask\")) {\n    parseServiceTask(activityElement,scopeElement);\n  }\n else   if (activityElement.getTagName().equals(\"task\")) {\n    parseTask(activityElement,scopeElement);\n  }\n else   if (activityElement.getTagName().equals(\"manualTask\")) {\n    parseManualTask(activityElement,scopeElement);\n  }\n else   if (activityElement.getTagName().equals(\"userTask\")) {\n    parseUserTask(activityElement,scopeElement);\n  }\n else   if (activityElement.getTagName().equals(\"receiveTask\")) {\n    parseReceiveTask(activityElement,scopeElement);\n  }\n}\n",
                "relationType": "NOT_RELATED",
                "distance": 99,
                "file": "modules/activiti-engine/src/main/java/org/activiti/impl/bpmn/parser/BpmnParse.java"
            },
            {
                "Metric": "ADDED_VARIABLE",
                "Method": "org.activiti.impl.bpmn.parser.BpmnParse.parseManualTask(Element, ScopeElementImpl)",
                "Local": "L[441,441], C[5,98]",
                "Detail": null,
                "Code": "ActivityImpl activity=parseAndCreateActivityOnScopeElement(manualTaskElement,scopeElement);\n",
                "relationType": "NOT_RELATED",
                "distance": 99,
                "file": "modules/activiti-engine/src/main/java/org/activiti/impl/bpmn/parser/BpmnParse.java"
            },
            {
                "Metric": "CHANGED_IF_CONDITION",
                "Method": "org.activiti.impl.bpmn.parser.BpmnParse.parseActivities(Element, ScopeElementImpl)",
                "Local": "L[317,319], C[66,7]",
                "Detail": null,
                "Code": "{\n  parseUserTask(activityElement,scopeElement);\n}\n",
                "relationType": "NOT_RELATED",
                "distance": 99,
                "file": "modules/activiti-engine/src/main/java/org/activiti/impl/bpmn/parser/BpmnParse.java"
            },
            {
                "Metric": "CHANGED_IF_CONDITION",
                "Method": "org.activiti.impl.bpmn.parser.BpmnParse.parseActivities(Element, ScopeElementImpl)",
                "Local": "L[319,321], C[70,7]",
                "Detail": null,
                "Code": "{\n  parseReceiveTask(activityElement,scopeElement);\n}\n",
                "relationType": "NOT_RELATED",
                "distance": 99,
                "file": "modules/activiti-engine/src/main/java/org/activiti/impl/bpmn/parser/BpmnParse.java"
            },
            {
                "Metric": "ADDED_IF_STATEMENT",
                "Method": "org.activiti.impl.bpmn.parser.BpmnParse.parseActivities(Element, ScopeElementImpl)",
                "Local": "L[315,317], C[69,7]",
                "Detail": null,
                "Code": "{\n  parseManualTask(activityElement,scopeElement);\n}\n",
                "relationType": "NOT_RELATED",
                "distance": 99,
                "file": "modules/activiti-engine/src/main/java/org/activiti/impl/bpmn/parser/BpmnParse.java"
            },
            {
                "Metric": "ADDED_TagElement",
                "Method": "org.activiti.impl.bpmn.parser.BpmnParse.parseManualTask(Element, ScopeElementImpl)",
                "Local": "L[438,438], C[6,26]",
                "Detail": null,
                "Code": "\n * Parses a manual task.",
                "relationType": "NOT_RELATED",
                "distance": 99,
                "file": "modules/activiti-engine/src/main/java/org/activiti/impl/bpmn/parser/BpmnParse.java"
            },
            {
                "Metric": "ADDED_METHOD_CALL",
                "Method": "org.activiti.impl.bpmn.parser.BpmnParse.parseActivities(Element, ScopeElementImpl)",
                "Local": "L[316,316], C[9,54]",
                "Detail": null,
                "Code": "parseManualTask(activityElement,scopeElement)",
                "relationType": "NOT_RELATED",
                "distance": 99,
                "file": "modules/activiti-engine/src/main/java/org/activiti/impl/bpmn/parser/BpmnParse.java"
            },
            {
                "Metric": "ADDED_METHOD_CALL",
                "Method": "org.activiti.impl.bpmn.parser.BpmnParse.parseActivities(Element, ScopeElementImpl)",
                "Local": "L[315,315], C[18,45]",
                "Detail": null,
                "Code": "activityElement.getTagName()",
                "relationType": "NOT_RELATED",
                "distance": 99,
                "file": "modules/activiti-engine/src/main/java/org/activiti/impl/bpmn/parser/BpmnParse.java"
            },
            {
                "Metric": "ADDED_TextElement",
                "Method": "org.activiti.impl.bpmn.parser.BpmnParse.parseManualTask(Element, ScopeElementImpl)",
                "Local": "L[438,438], C[6,26]",
                "Detail": null,
                "Code": "Parses a manual task.",
                "relationType": "NOT_RELATED",
                "distance": 99,
                "file": "modules/activiti-engine/src/main/java/org/activiti/impl/bpmn/parser/BpmnParse.java"
            },
            {
                "Metric": "ADDED_METHOD_CALL",
                "Method": "org.activiti.impl.bpmn.parser.BpmnParse.parseManualTask(Element, ScopeElementImpl)",
                "Local": "L[441,441], C[29,97]",
                "Detail": null,
                "Code": "parseAndCreateActivityOnScopeElement(manualTaskElement,scopeElement)",
                "relationType": "NOT_RELATED",
                "distance": 99,
                "file": "modules/activiti-engine/src/main/java/org/activiti/impl/bpmn/parser/BpmnParse.java"
            },
            {
                "Metric": "ADDED_METHOD",
                "Method": "org.activiti.impl.bpmn.parser.BpmnParse",
                "Local": "L[437,443], C[3,3]",
                "Detail": null,
                "Code": "/** \n * Parses a manual task.\n */\npublic void parseManualTask(Element manualTaskElement,ScopeElementImpl scopeElement){\n  ActivityImpl activity=parseAndCreateActivityOnScopeElement(manualTaskElement,scopeElement);\n  activity.setActivityBehavior(new ManualTaskActivity());\n}\n",
                "relationType": "NOT_RELATED",
                "distance": 99,
                "file": "modules/activiti-engine/src/main/java/org/activiti/impl/bpmn/parser/BpmnParse.java"
            },
            {
                "Metric": "ADDED_IMPORT",
                "Method": "org.activiti.impl.bpmn.parser.CompilationUnit",
                "Local": "L[29,29], C[1,49]",
                "Detail": null,
                "Code": "import org.activiti.impl.bpmn.ManualTaskActivity;\n",
                "relationType": "NOT_RELATED",
                "distance": 99,
                "file": "modules/activiti-engine/src/main/java/org/activiti/impl/bpmn/parser/BpmnParse.java"
            },
            {
                "Metric": "ADDED_ImportDeclaration",
                "Method": "org.activiti.impl.bpmn.parser.CompilationUnit",
                "Local": "L[29,29], C[1,49]",
                "Detail": null,
                "Code": "import org.activiti.impl.bpmn.ManualTaskActivity;\n",
                "relationType": "NOT_RELATED",
                "distance": 99,
                "file": "modules/activiti-engine/src/main/java/org/activiti/impl/bpmn/parser/BpmnParse.java"
            }
        ],
        "metadata": {
            "type": "Push Down Method",
            "description": "Push Down Method public isEnded() : boolean from class org.activiti.Execution to public isEnded() : boolean from class org.activiti.ProcessInstance",
            "leftSideLocations": [
                {
                    "filePath": "modules/activiti-engine/src/main/java/org/activiti/Execution.java",
                    "startLine": 31,
                    "endLine": 35,
                    "startColumn": 3,
                    "endColumn": 21,
                    "codeElementType": "METHOD_DECLARATION",
                    "description": "original method declaration",
                    "codeElement": "public isEnded() : boolean"
                }
            ],
            "rightSideLocations": [
                {
                    "filePath": "modules/activiti-engine/src/main/java/org/activiti/ProcessInstance.java",
                    "startLine": 36,
                    "endLine": 37,
                    "startColumn": 3,
                    "endColumn": 21,
                    "codeElementType": "METHOD_DECLARATION",
                    "description": "pushed down method declaration",
                    "codeElement": "public isEnded() : boolean"
                }
            ]
        }
    }
]